Player,Season,Team,MP,FG,FGA,FG%,3P,3PA,3P%,2P,2PA,2P%,eFG%,FT,FTA,FT%,ORB,DRB,TRB,AST,STL,BLK,TOV,PF,PTS,Height_in,Weight_lb,Conf_Power,age_fact,Position,Athleticism,Strength,Quickness,ortg,drtg,ws/40
Stephen Curry,2008-09,Davidson,33.7,9.2,20.2,0.454,3.8,9.9,0.387,5.4,10.3,0.519,0.549,6.5,7.4,0.876,0.6,3.8,4.4,5.6,2.5,0.2,3.7,2.4,28.6,75.0,183.0,1.0,3.0,g,7.0,7.0,9.0,100.0,100.0,348.0
Kemba Walker,2010-11,Connecticut,37.6,7.7,18.0,0.428,1.8,5.5,0.33,5.9,12.5,0.471,0.478,6.3,7.7,0.819,1.3,4.1,5.4,4.5,1.9,0.2,2.3,1.4,23.5,73.0,172.0,7.0,3.0,g,8.0,7.0,10.0,121.2,98.9,251.0
Kevin Durant,2006-07,Texas,35.9,8.7,18.5,0.473,2.3,5.8,0.404,6.4,12.7,0.505,0.536,6.0,7.3,0.816,3.0,8.1,11.1,1.3,1.9,1.9,2.8,2.0,25.8,83.0,214.0,7.0,1.0,f,9.0,7.0,8.0,100.0,100.0,280.0
Jimmer Fredette,2010-11,Brigham Young,35.8,9.4,20.7,0.452,3.4,8.5,0.396,6.0,12.2,0.491,0.533,6.8,7.6,0.894,0.6,2.8,3.4,4.3,1.3,0.0,3.5,1.3,28.9,82.0,194.0,1.0,3.0,g,7.0,8.0,7.0,118.0,100.0,256.0
Anthony Davis,2011-12,Kentucky,32.0,5.3,8.4,0.623,0.1,0.5,0.15,5.2,7.9,0.653,0.628,3.6,5.1,0.709,3.0,7.4,10.4,1.3,1.4,4.7,1.0,2.0,14.2,74.0,203.0,7.0,1.0,f,10.0,6.0,9.0,139.0,80.7,310.0
Chris Paul,2004-05,Wake Forest,33.4,4.5,9.9,0.451,1.4,3.0,0.474,3.0,6.9,0.441,0.524,4.9,5.8,0.834,0.7,3.8,4.5,6.6,2.4,0.0,2.8,2.6,15.3,72.0,174.0,7.0,2.0,g,0.0,0.0,0.0,100.0,100.0,171.0
James Harden,2008-09,Arizona State,35.8,6.3,12.9,0.489,1.7,4.7,0.356,4.7,8.3,0.564,0.553,5.8,7.7,0.756,1.4,4.2,5.6,4.2,1.7,0.3,3.4,2.8,20.1,77.0,216.0,7.0,2.0,g,8.0,8.0,7.0,100.0,100.0,229.0
Dwyane Wade,2002-03,Marquette,32.1,7.6,15.2,0.501,0.4,1.3,0.318,7.2,13.8,0.519,0.515,5.9,7.5,0.779,1.8,4.5,6.3,4.4,2.2,1.3,3.2,2.3,21.5,76.0,212.0,1.0,2.0,g,0.0,0.0,0.0,100.0,100.0,246.0
Carmelo Anthony,2002-03,Syracuse,36.4,7.9,17.5,0.453,1.6,4.7,0.337,6.3,12.7,0.496,0.498,4.8,6.8,0.706,2.9,7.1,10.0,2.2,1.6,0.9,2.2,2.2,22.2,80.0,229.0,7.0,1.0,f,0.0,0.0,0.0,100.0,100.0,183.0
Blake Griffin,2008-09,Oklahoma,33.3,8.6,13.1,0.654,0.1,0.2,0.375,8.5,12.9,0.659,0.657,5.5,9.3,0.59,3.9,10.5,14.4,2.3,1.1,1.2,3.3,2.5,22.7,82.0,249.0,7.0,2.0,f,10.0,10.0,8.0,100.0,100.0,332.0
Anthony Edwards,2019-20,Georgia,33.0,6.3,15.8,0.402,2.3,7.7,0.294,4.1,8.1,0.504,0.473,4.1,5.3,0.772,0.8,4.5,5.2,2.8,1.3,0.6,2.7,2.2,19.1,77.0,225.0,7.0,1.0,g,9.0,9.0,8.0,105.8,103.6,136.0
Trae Young,2017-18,Oklahoma,35.4,8.2,19.3,0.422,3.7,10.3,0.36,4.5,9.1,0.493,0.518,7.4,8.6,0.861,0.4,3.5,3.9,8.7,1.7,0.3,5.2,1.8,27.4,74.0,179.0,7.0,1.0,g,7.0,6.0,9.0,114.7,108.1,201.0
Damian Lillard,2011-12,Weber State,34.5,7.2,15.5,0.467,2.9,7.2,0.409,4.3,8.3,0.517,0.562,7.1,8.0,0.887,0.5,4.5,5.0,4.0,1.5,0.2,2.3,1.9,24.5,74.0,183.0,1.0,3.0,g,8.0,8.0,9.0,128.4,101.6,291.0
Ja Morant,2018-19,Murray State,36.6,8.0,16.1,0.499,1.7,4.8,0.363,6.3,11.3,0.556,0.553,6.7,8.2,0.813,1.2,4.5,5.7,10.0,1.8,0.8,5.2,1.5,24.5,75.0,174.0,1.0,2.0,g,9.0,7.0,9.0,119.3,95.8,273.0
Karl-Anthony Towns,2014-15,Kentucky,21.1,3.7,6.6,0.566,0.1,0.2,0.25,3.7,6.4,0.577,0.57,2.8,3.4,0.813,2.4,4.3,6.7,1.1,0.5,2.3,1.4,2.9,10.3,83.0,249.0,7.0,1.0,f,8.0,8.0,7.0,126.8,78.1,311.0
Joel Embiid,2013-14,Kansas,23.1,3.8,6.1,0.626,0.0,0.2,0.0,3.8,5.9,0.639,0.629,3.5,5.1,0.685,2.3,5.8,8.1,1.4,0.9,2.6,2.4,3.4,11.2,84.0,249.0,7.0,1.0,c,9.0,8.0,8.0,116.6,90.9,213.0
Russell Westbrook,2007-08,UCLA,33.8,4.7,10.0,0.465,0.7,2.0,0.338,4.0,8.1,0.497,0.499,2.7,3.8,0.713,1.6,2.4,3.9,4.3,1.6,0.2,2.5,2.4,12.7,76.0,185.0,7.0,2.0,g,10.0,6.0,10.0,100.0,100.0,161.0
Devin Booker,2014-15,Kentucky,21.5,3.6,7.6,0.47,1.5,3.7,0.411,2.0,3.8,0.527,0.571,1.4,1.7,0.828,0.4,1.6,2.0,1.1,0.4,0.1,1.0,1.5,10.0,78.0,206.0,7.0,1.0,g,8.0,7.0,7.0,123.1,92.2,219.0
John Wall,2009-10,Kentucky,34.8,5.5,11.8,0.461,1.0,3.1,0.325,4.5,8.8,0.509,0.503,4.7,6.3,0.754,0.8,3.5,4.3,6.5,1.8,0.5,4.0,1.9,16.6,76.0,194.0,7.0,1.0,g,10.0,7.0,10.0,111.7,94.1,196.0
Jimmy Butler,2010-11,Marquette,34.6,5.1,10.3,0.49,0.5,1.6,0.345,4.5,8.8,0.515,0.516,5.1,6.5,0.783,2.4,3.6,6.1,2.3,1.4,0.4,1.5,1.3,15.7,79.0,218.0,7.0,3.0,g,8.0,8.0,8.0,126.8,102.5,198.0
Klay Thompson,2010-11,Washington State,34.7,7.1,16.2,0.436,2.9,7.2,0.398,4.2,9.0,0.466,0.525,4.6,5.4,0.838,0.7,4.5,5.2,3.7,1.6,0.9,3.4,2.9,21.6,78.0,198.0,7.0,3.0,g,7.0,7.0,7.0,109.8,95.8,198.0
DeMarcus Cousins,2009-10,Kentucky,23.5,5.4,9.7,0.558,0.0,0.2,0.167,5.4,9.6,0.565,0.56,4.3,7.1,0.604,4.1,5.8,9.8,1.0,1.0,1.8,2.1,3.2,15.1,83.0,269.0,7.0,1.0,f,8.0,9.0,9.0,118.5,83.9,290.0
Gordon Hayward,2009-10,Butler,33.5,4.7,10.1,0.464,1.3,4.3,0.294,3.4,5.8,0.592,0.527,4.8,5.8,0.829,1.9,6.3,8.2,1.7,1.1,0.8,2.3,2.1,15.5,80.0,205.0,1.0,2.0,f,7.0,8.0,6.0,117.1,90.1,224.0
Draymond Green,2011-12,Michigan State,33.2,5.7,12.8,0.449,1.4,3.6,0.388,4.3,9.1,0.473,0.504,3.4,4.7,0.723,2.1,8.5,10.6,3.8,1.5,0.9,3.0,2.8,16.2,79.0,229.0,7.0,3.0,f,6.0,8.0,8.0,109.6,83.6,230.0
Zion Williamson,2018-19,Duke,30.0,9.0,13.2,0.68,0.7,2.2,0.338,8.2,11.0,0.747,0.708,3.9,6.2,0.64,3.5,5.4,8.9,2.1,2.1,1.8,2.4,2.1,22.6,79.0,284.0,7.0,1.0,f,10.0,9.0,9.0,133.1,87.4,335.0
Jayson Tatum,2016-17,Duke,33.3,5.7,12.6,0.452,1.4,4.0,0.342,4.3,8.6,0.504,0.507,4.1,4.8,0.849,1.3,6.0,7.3,2.1,1.3,1.1,2.6,3.0,16.8,80.0,203.0,7.0,1.0,f,8.0,7.0,7.0,111.4,97.8,169.0
Brandon Ingram,2015-16,Duke,34.6,5.9,13.4,0.442,2.2,5.4,0.41,3.7,8.0,0.464,0.525,3.2,4.7,0.682,1.9,4.9,6.8,2.0,1.1,1.4,2.0,2.1,17.3,81.0,190.0,7.0,1.0,g,7.0,6.0,8.0,114.8,104.4,157.0
Donovan Mitchell,2016-17,Louisville,32.3,5.3,13.1,0.408,2.4,6.6,0.354,3.0,6.4,0.463,0.498,2.6,3.2,0.806,1.1,3.8,4.9,2.7,2.1,0.5,1.6,2.6,15.6,75.0,209.0,7.0,2.0,g,9.0,7.0,8.0,116.3,94.1,197.0
Buddy Hield,2015-16,Oklahoma,35.4,8.1,16.2,0.501,4.0,8.7,0.457,4.2,7.5,0.552,0.623,4.8,5.4,0.88,1.2,4.5,5.7,2.0,1.1,0.5,3.1,2.1,25.0,76.0,207.0,7.0,3.0,g,7.0,7.0,7.0,124.0,101.6,233.0
Shai Gilgeous-Alexander,2017-18,Kentucky,33.7,4.9,10.2,0.485,0.6,1.5,0.404,4.3,8.6,0.5,0.516,3.9,4.7,0.817,0.9,3.2,4.1,5.1,1.6,0.5,2.7,1.7,14.4,78.0,179.0,7.0,1.0,g,8.0,6.0,9.0,116.5,101.8,167.0
De'Aaron Fox,2016-17,Kentucky,29.6,5.9,12.4,0.479,0.5,1.9,0.246,5.5,10.5,0.521,0.498,4.3,5.9,0.736,0.6,3.4,4.0,4.6,1.5,0.2,2.4,2.5,16.7,75.0,185.0,7.0,1.0,g,9.0,7.0,10.0,113.6,96.9,192.0
Jalen Brunson,2017-18,Villanova,31.8,6.8,13.0,0.521,2.2,5.3,0.408,4.6,7.7,0.599,0.604,3.3,4.1,0.802,0.3,2.8,3.1,4.6,0.9,0.0,1.8,2.0,18.9,75.0,198.0,7.0,3.0,g,6.0,8.0,6.0,130.7,104.1,241.0
Malcolm Brogdon,2015-16,Virginia,34.1,6.2,13.6,0.457,2.0,5.2,0.391,4.2,8.4,0.498,0.532,3.8,4.2,0.897,0.5,3.5,4.1,3.1,0.9,0.2,1.4,2.1,18.2,77.0,216.0,7.0,3.0,g,6.0,9.0,6.0,122.5,99.9,222.0
CJ McCollum,2012-13,Lehigh,31.0,8.0,16.2,0.495,2.8,5.3,0.516,5.3,10.8,0.485,0.58,5.2,6.1,0.849,1.0,4.0,5.0,2.9,1.4,0.3,2.7,1.8,23.9,75.0,179.0,1.0,3.0,g,7.0,7.0,8.0,118.5,98.1,261.0
Evan Turner,2009-10,Ohio State,35.7,7.6,14.7,0.519,0.6,1.8,0.364,7.0,13.0,0.54,0.54,4.5,5.9,0.754,2.0,7.2,9.2,6.0,1.7,0.9,4.4,2.8,20.4,79.0,209.0,7.0,3.0,g,8.0,8.0,8.0,111.2,88.5,247.0
Doug McDermott,2013-14,Creighton,33.7,9.4,17.9,0.526,2.7,6.1,0.449,6.7,11.8,0.567,0.603,5.1,5.9,0.864,1.6,5.3,7.0,1.6,0.2,0.1,1.8,1.9,26.7,80.0,225.0,7.0,3.0,f,7.0,7.0,7.0,127.4,106.0,261.0
Frank Kaminsky,2014-15,Wisconsin,33.6,6.8,12.5,0.547,1.1,2.6,0.416,5.8,9.9,0.581,0.59,4.0,5.1,0.78,1.5,6.7,8.2,2.6,0.8,1.5,1.6,1.7,18.8,84.0,240.0,7.0,3.0,c,6.0,7.0,7.0,129.6,92.6,299.0
Victor Oladipo,2012-13,Indiana,28.4,5.1,8.4,0.599,0.8,1.9,0.441,4.2,6.6,0.644,0.648,2.7,3.6,0.746,2.6,3.7,6.3,2.1,2.2,0.8,2.3,2.5,13.6,77.0,214.0,7.0,3.0,g,10.0,8.0,8.0,125.7,87.3,264.0
Fred VanVleet,2015-16,Wichita State,29.0,3.8,9.8,0.39,1.4,3.6,0.381,2.5,6.2,0.396,0.461,3.2,3.9,0.817,0.4,2.9,3.2,5.5,1.8,0.1,1.7,1.7,12.2,72.0,194.0,1.0,3.0,g,7.0,6.0,7.0,115.2,88.7,219.0
Andrew Wiggins,2013-14,Kansas,32.8,5.4,12.1,0.448,1.2,3.6,0.341,4.2,8.5,0.493,0.499,5.0,6.5,0.775,2.2,3.7,5.9,1.5,1.2,1.0,2.3,2.7,17.1,80.0,198.0,7.0,1.0,g,10.0,7.0,9.0,116.1,102.8,170.0
Jahlil Okafor,2014-15,Duke,30.1,7.3,11.1,0.664,0.0,0.0,0.0,7.3,11.1,0.664,0.664,2.6,5.1,0.51,3.5,4.9,8.5,1.3,0.8,1.4,2.5,2.1,17.3,83.0,269.0,7.0,1.0,c,7.0,9.0,7.0,119.9,95.4,235.0
Denzel Valentine,2015-16,Michigan State,33.0,6.6,14.3,0.462,3.4,7.5,0.444,3.3,6.8,0.481,0.579,2.6,3.1,0.853,0.8,6.7,7.5,7.8,1.0,0.2,2.7,1.7,19.2,77.0,218.0,7.0,3.0,g,6.0,7.0,6.0,127.1,94.1,284.0
Jabari Parker,2013-14,Duke,30.7,6.7,14.3,0.473,1.1,3.0,0.358,5.7,11.2,0.504,0.511,4.6,6.1,0.748,3.0,5.7,8.7,1.2,1.1,1.2,2.3,2.4,19.1,80.0,234.0,7.0,1.0,f,8.0,9.0,8.0,115.0,99.3,205.0
Julius Randle,2013-14,Kentucky,30.8,4.9,9.8,0.501,0.1,0.5,0.167,4.8,9.3,0.517,0.505,5.1,7.2,0.706,3.5,6.9,10.4,1.4,0.5,0.8,2.5,2.3,15.0,81.0,249.0,7.0,1.0,f,8.0,9.0,8.0,115.9,97.8,191.0
Kris Dunn,2015-16,Providence,33.0,5.6,12.5,0.448,1.3,3.4,0.372,4.3,9.0,0.477,0.499,4.0,5.8,0.695,1.1,4.2,5.3,6.2,2.5,0.6,3.5,2.8,16.4,75.0,203.0,7.0,3.0,g,8.0,8.0,9.0,106.1,95.0,166.0
Kyle Kuzma,2016-17,Utah,30.8,6.3,12.4,0.504,0.9,2.9,0.321,5.3,9.6,0.56,0.542,2.9,4.4,0.669,2.8,6.6,9.3,2.4,0.6,0.5,2.1,1.6,16.4,81.0,190.0,7.0,3.0,f,8.0,7.0,7.0,115.8,96.3,204.0
Jarrett Allen,2016-17,Texas,32.2,5.4,9.6,0.566,0.0,0.2,0.0,5.4,9.4,0.579,0.566,2.5,4.5,0.564,3.0,5.4,8.4,0.8,0.6,1.5,2.5,2.1,13.4,83.0,234.0,7.0,1.0,f,8.0,7.0,8.0,104.9,99.9,124.0
Jaren Jackson Jr.,2017-18,Michigan State,21.8,3.4,6.6,0.513,1.1,2.7,0.396,2.3,3.9,0.596,0.595,3.0,3.8,0.797,1.5,4.3,5.8,1.1,0.6,3.0,1.8,3.2,10.9,83.0,240.0,7.0,1.0,f,9.0,8.0,8.0,120.6,86.4,239.0
Deandre Ayton,2017-18,Arizona,33.5,7.9,12.9,0.612,0.3,1.0,0.343,7.5,11.9,0.635,0.625,4.0,5.5,0.733,3.4,8.2,11.6,1.6,0.6,1.9,2.0,2.3,20.1,85.0,249.0,7.0,1.0,f,9.0,9.0,9.0,130.3,98.8,259.0
Obi Toppin,2019-20,Dayton,31.6,7.9,12.5,0.633,1.0,2.6,0.39,6.9,9.8,0.698,0.674,3.2,4.5,0.702,1.2,6.4,7.5,2.2,1.0,1.2,2.2,1.6,20.0,81.0,218.0,1.0,2.0,f,9.0,7.0,8.0,125.3,90.3,279.0
Tyrese Haliburton,2019-20,Iowa State,36.7,5.6,11.1,0.504,2.4,5.6,0.419,3.2,5.5,0.592,0.611,1.7,2.0,0.822,1.5,4.4,5.9,6.5,2.5,0.7,2.8,1.3,15.2,77.0,174.0,7.0,2.0,g,7.0,6.0,8.0,121.5,101.1,187.0
Desmond Bane,2019-20,TCU,36.0,6.2,13.6,0.452,2.9,6.5,0.442,3.3,7.1,0.461,0.557,1.4,1.8,0.789,1.4,4.9,6.3,3.9,1.5,0.5,2.3,2.2,16.6,78.0,214.0,7.0,3.0,g,7.0,9.0,7.0,114.5,97.6,183.0
Zach LaVine,2013-14,UCLA,24.4,3.4,7.8,0.441,1.3,3.5,0.375,2.1,4.3,0.494,0.524,1.3,1.8,0.691,0.5,2.1,2.5,1.8,0.9,0.2,1.1,2.0,9.4,77.0,179.0,7.0,1.0,g,10.0,7.0,9.0,109.1,104.8,111.0
Duncan Robinson,2017-18,Michigan,25.8,3.0,6.8,0.44,1.9,5.0,0.384,1.1,1.8,0.595,0.581,1.4,1.6,0.891,0.5,2.0,2.4,1.1,0.7,0.4,0.6,2.4,9.2,80.0,190.0,7.0,3.0,f,6.0,6.0,7.0,124.0,99.3,167.0
Kyle Lowry,2005-06,Villanova,29.3,3.5,7.6,0.466,0.2,0.5,0.444,3.3,7.1,0.468,0.482,3.7,4.7,0.786,1.8,2.5,4.3,3.7,2.3,0.2,2.1,2.8,11.0,72.0,174.0,7.0,2.0,g,8.0,9.0,8.0,100.0,100.0,204.0
Robert Williams III,2017-18,Texas A&M,25.6,4.6,7.3,0.632,0.0,0.4,0.0,4.6,6.9,0.668,0.632,1.1,2.3,0.471,2.4,6.9,9.2,1.4,0.8,2.6,1.7,2.2,10.4,81.0,236.0,7.0,2.0,f,9.0,8.0,9.0,113.8,90.2,184.0
Josh Hart,2016-17,Villanova,33.1,6.6,12.9,0.51,2.1,5.1,0.404,4.5,7.8,0.579,0.59,3.5,4.7,0.747,1.4,5.0,6.4,2.9,1.6,0.3,2.0,2.3,18.7,77.0,203.0,7.0,3.0,g,7.0,8.0,7.0,125.1,94.5,257.0
Jalen Suggs,2020-21,Gonzaga,28.9,5.2,10.3,0.503,1.2,3.5,0.337,4.0,6.8,0.588,0.56,2.9,3.8,0.754,0.6,4.7,5.3,4.5,1.9,0.3,2.9,2.6,14.4,76.0,203.0,1.0,1.0,g,8.0,8.0,9.0,112.4,90.8,210.0
Collin Sexton,2017-18,Alabama,29.9,5.9,13.3,0.447,1.3,4.0,0.336,4.6,9.3,0.495,0.498,5.9,7.6,0.778,1.0,2.7,3.8,3.6,0.8,0.1,2.8,2.5,19.2,75.0,190.0,7.0,1.0,g,9.0,8.0,9.0,113.2,105.2,177.0
Marcus Smart,2013-14,Oklahoma State,32.7,5.3,12.5,0.422,1.6,5.3,0.299,3.7,7.2,0.514,0.486,5.9,8.1,0.728,1.4,4.5,5.9,4.8,2.9,0.6,2.6,2.9,18.0,76.0,218.0,7.0,2.0,g,7.0,9.0,7.0,114.3,92.3,220.0
Monte Morris,2016-17,Iowa State,35.3,6.2,13.3,0.465,1.5,4.1,0.378,4.6,9.2,0.503,0.523,2.5,3.2,0.802,1.1,3.7,4.8,6.2,1.5,0.3,1.2,1.5,16.4,74.0,170.0,7.0,3.0,g,6.0,6.0,7.0,126.1,103.0,210.0
Bam Adebayo,2016-17,Kentucky,30.1,4.5,7.5,0.599,0.0,0.0,0.0,4.5,7.5,0.599,0.599,4.1,6.2,0.653,3.1,4.9,8.0,0.8,0.7,1.5,1.7,2.6,13.0,82.0,258.0,7.0,1.0,f,8.0,8.0,8.0,123.7,95.8,196.0
Al Horford,2006-07,Florida,27.8,4.9,8.1,0.608,0.0,0.1,0.0,4.9,8.0,0.612,0.608,3.4,5.3,0.644,2.5,6.9,9.5,2.2,0.7,1.8,1.8,2.5,13.2,82.0,245.0,7.0,3.0,f,8.0,9.0,8.0,100.0,100.0,283.0
Russ Smith,2013-14,Louisville,29.3,6.1,13.0,0.468,1.9,4.9,0.387,4.2,8.1,0.517,0.541,4.1,5.9,0.705,0.8,2.5,3.3,4.6,2.0,0.1,2.8,2.5,18.2,72.0,163.0,7.0,3.0,g,8.0,6.0,9.0,116.9,89.8,249.0
Kevin Love,2007-08,UCLA,29.6,5.8,10.4,0.559,0.7,2.1,0.354,5.1,8.3,0.611,0.595,5.1,6.6,0.767,3.6,7.0,10.6,1.9,0.7,1.4,2.0,1.9,17.5,82.0,258.0,7.0,1.0,c,8.0,9.0,8.0,100.0,100.0,391.0
Brook Lopez,2007-08,Stanford,30.8,6.8,14.6,0.468,0.0,0.2,0.0,6.8,14.3,0.475,0.468,5.7,7.2,0.789,2.9,5.3,8.2,1.4,0.6,2.1,2.1,2.4,19.3,84.0,258.0,7.0,2.0,f,7.0,8.0,7.0,100.0,100.0,261.0
Robin Lopez,2007-08,Stanford,24.5,3.9,7.3,0.534,0.0,0.0,1.0,3.9,7.3,0.533,0.536,2.4,3.7,0.652,2.6,3.1,5.7,0.6,0.5,2.3,1.8,2.6,10.2,84.0,254.0,7.0,2.0,c,8.0,8.0,8.0,100.0,100.0,269.0
Kemba Walker,2010-11,Connecticut,37.6,7.7,18.0,0.428,1.8,5.5,0.33,5.9,12.5,0.471,0.478,6.3,7.7,0.819,1.3,4.1,5.4,4.5,1.9,0.2,2.3,1.4,23.5,73.0,172.0,7.0,3.0,g,8.0,7.0,10.0,121.2,98.9,251.0
Danny Green,2008-09,North Carolina,27.4,4.8,10.3,0.471,2.0,4.8,0.418,2.8,5.4,0.517,0.569,1.4,1.6,0.852,1.8,2.8,4.7,2.7,1.8,1.3,1.7,2.2,13.1,77.0,209.0,7.0,3.0,f,7.0,7.0,7.0,100.0,100.0,241.0
Tyler Hansbrough,2008-09,North Carolina,30.3,6.6,12.8,0.514,0.3,0.7,0.391,6.3,12.1,0.521,0.524,7.3,8.7,0.841,3.0,5.1,8.1,1.0,1.2,0.4,1.9,2.3,20.7,81.0,249.0,7.0,3.0,f,8.0,8.0,6.0,100.0,100.0,261.0
Kyrie Irving,2010-11,Duke,27.5,5.0,9.5,0.529,1.6,3.5,0.462,3.4,5.9,0.569,0.615,5.8,6.5,0.901,0.5,2.8,3.4,4.3,1.5,0.5,2.5,2.1,17.5,74.0,179.0,7.0,1.0,g,7.0,7.0,9.0,135.1,92.7,320.0
Otto Porter Jr.,2012-13,Georgetown,35.4,5.4,11.3,0.48,1.4,3.3,0.422,4.0,8.0,0.504,0.541,3.9,5.1,0.777,1.8,5.7,7.5,2.7,1.8,0.9,1.5,2.0,16.2,80.0,203.0,7.0,2.0,f,8.0,7.0,8.0,122.3,85.3,260.0
JJ Redick,2005-06,Duke,37.1,8.4,17.9,0.47,3.9,9.2,0.421,4.5,8.7,0.521,0.578,6.1,7.1,0.863,0.2,1.8,2.0,2.6,1.4,0.1,2.5,1.5,26.8,76.0,190.0,7.0,3.0,g,7.0,7.0,8.0,100.0,100.0,233.0
Myles Turner,2014-15,Texas,22.2,3.4,7.6,0.455,0.5,1.8,0.274,2.9,5.7,0.513,0.488,2.8,3.3,0.839,1.3,5.2,6.5,0.6,0.3,2.6,1.4,2.4,10.1,83.0,2382.0,7.0,1.0,f,7.0,8.0,6.0,112.6,86.3,213.0
Gary Harris,2013-14,Michigan State,32.3,5.6,13.0,0.429,2.3,6.6,0.352,3.3,6.4,0.507,0.518,3.3,4.1,0.81,1.1,2.9,4.0,2.7,1.8,0.4,1.7,2.1,16.7,76.0,209.0,7.0,2.0,g,8.0,7.0,8.0,116.9,99.3,188.0
Tyler Herro,2018-19,Kentucky,32.6,5.0,10.9,0.462,1.6,4.6,0.355,3.4,6.3,0.538,0.536,2.4,2.5,0.935,0.4,4.1,4.5,2.5,1.1,0.3,1.6,1.3,14.0,77.0,194.0,7.0,1.0,g,7.0,8.0,7.0,119.7,98.1,181.0
Mikal Bridges,2017-18,Villanova,32.1,6.1,11.9,0.514,2.6,6.0,0.435,3.5,5.9,0.593,0.623,2.9,3.4,0.851,1.4,4.0,5.3,1.9,1.5,1.1,1.4,2.2,17.7,79.0,190.0,7.0,3.0,f,8.0,7.0,8.0,132.5,98.2,241.0
Malik Monk,2016-17,Kentucky,32.1,6.6,14.7,0.45,2.7,6.9,0.397,3.9,7.8,0.497,0.543,3.9,4.7,0.822,0.3,2.2,2.5,2.3,0.9,0.5,2.0,1.9,19.8,75.0,198.0,7.0,1.0,g,9.0,7.0,9.0,118.2,100.8,189.0
Thomas Bryant,2016-17,Indiana,28.1,4.4,8.4,0.519,0.7,1.8,0.383,3.7,6.6,0.556,0.56,3.2,4.4,0.73,2.2,4.4,6.6,1.5,0.8,1.5,2.3,3.1,12.6,82.0,245.0,7.0,2.0,c,7.0,8.0,7.0,115.4,101.9,159.0
OG Anunoby,2016-17,Indiana,25.1,4.3,7.6,0.557,0.9,2.8,0.311,3.4,4.8,0.701,0.615,1.7,3.0,0.563,1.8,3.7,5.4,1.4,1.3,1.3,1.6,2.1,11.1,80.0,214.0,7.0,2.0,f,8.0,8.0,7.0,118.5,99.4,172.0
Kyle Anderson,2013-14,UCLA,33.2,5.0,10.5,0.48,0.8,1.6,0.483,4.3,8.9,0.48,0.517,3.8,5.2,0.737,1.3,7.5,8.8,6.5,1.8,0.8,3.1,1.7,14.6,81.0,229.0,7.0,2.0,g,6.0,8.0,7.0,113.4,95.4,189.0
Josh Richardson,2000-01,North Texas,18.1,2.0,4.6,0.445,0.0,0.1,0.0,2.0,4.5,0.456,0.445,2.0,3.6,0.56,1.2,1.6,2.8,0.5,0.5,0.1,1.0,2.3,6.1,78.0,200.0,7.0,1.0,f,0.0,0.0,0.0,100.0,100.0,-6.0
Jakob Poeltl,2015-16,Utah,30.4,6.3,9.8,0.646,0.0,0.0,0.0,6.3,9.8,0.646,0.646,4.6,6.6,0.689,2.8,6.3,9.1,1.9,0.6,1.6,2.1,2.3,17.2,84.0,229.0,7.0,2.0,f,8.0,8.0,8.0,128.7,98.5,250.0
Devonte' Graham,2017-18,Kansas,37.8,5.1,12.8,0.4,2.8,6.9,0.406,2.3,5.8,0.392,0.51,4.3,5.2,0.827,0.6,3.4,4.0,7.2,1.6,0.1,2.8,1.4,17.3,74.0,174.0,7.0,3.0,g,6.0,6.0,7.0,120.2,105.1,182.0
Trey Burke,2012-13,Michigan,35.3,6.6,14.4,0.463,1.9,5.1,0.384,4.7,9.3,0.506,0.53,3.4,4.3,0.801,0.5,2.6,3.2,6.7,1.6,0.5,2.2,1.9,18.6,72.0,190.0,7.0,2.0,g,8.0,7.0,8.0,123.4,100.0,249.0
Grant Williams,2018-19,Tennessee,31.9,6.3,11.2,0.564,0.4,1.2,0.326,5.9,10.0,0.593,0.582,5.8,7.0,0.819,2.2,5.3,7.5,3.2,1.1,1.5,2.2,3.0,18.8,79.0,236.0,7.0,3.0,f,6.0,8.0,7.0,128.7,96.3,267.0
Royce O'Neale,2012-13,Baylor,35.2,3.5,8.0,0.441,1.2,3.6,0.333,2.3,4.4,0.528,0.516,2.9,3.8,0.762,1.0,4.6,5.5,3.5,1.4,0.4,2.3,2.5,11.2,78.0,214.0,7.0,3.0,f,7.0,9.0,7.0,108.0,93.5,159.0
Naz Reid,2018-19,Louisiana State,27.2,5.0,10.7,0.468,0.8,2.5,0.333,4.2,8.3,0.509,0.507,2.7,3.8,0.727,2.5,4.7,7.2,0.9,0.7,0.7,2.5,3.2,13.6,82.0,249.0,7.0,1.0,f,7.0,8.0,7.0,106.1,101.8,131.0
Dillon Brooks,2016-17,Oregon,25.3,5.9,12.1,0.488,1.6,4.1,0.401,4.3,8.0,0.532,0.556,2.7,3.6,0.754,1.0,2.2,3.2,2.7,1.1,0.5,2.1,2.8,16.1,77.0,203.0,7.0,3.0,f,7.0,8.0,7.0,116.2,98.2,213.0
Eric Gordon,2007-08,Indiana,34.7,5.8,13.3,0.433,2.2,6.5,0.337,3.6,6.8,0.525,0.515,7.2,8.7,0.834,0.7,2.5,3.3,2.4,1.3,0.6,3.6,2.2,20.9,75.0,220.0,7.0,1.0,g,10.0,10.0,8.0,100.0,100.0,217.0
Harrison Barnes,2011-12,North Carolina,29.2,6.0,13.7,0.44,1.3,3.6,0.358,4.7,10.1,0.469,0.487,3.7,5.1,0.723,1.9,3.3,5.2,1.1,1.1,0.3,1.9,1.8,17.1,80.0,214.0,7.0,2.0,f,8.0,9.0,8.0,111.1,96.1,181.0
Gary Trent Jr.,2017-18,Duke,33.9,4.8,11.5,0.415,2.6,6.5,0.402,2.2,5.0,0.43,0.528,2.3,2.6,0.876,0.8,3.4,4.2,1.4,1.2,0.1,1.0,1.7,14.5,78.0,207.0,7.0,1.0,g,7.0,8.0,7.0,124.4,102.7,163.0
Robert Covington,2012-13,Tennessee State,31.0,5.6,12.8,0.435,1.7,4.5,0.388,3.8,8.3,0.461,0.503,4.2,4.9,0.85,2.8,5.1,8.0,1.3,2.2,1.7,2.4,2.8,17.0,81.0,214.0,1.0,3.0,f,7.0,7.0,7.0,113.7,94.1,205.0
Derrick White,2016-17,Colorado,32.8,6.0,11.9,0.507,1.7,4.2,0.396,4.4,7.6,0.569,0.578,4.4,5.4,0.813,1.0,3.1,4.1,4.4,1.2,1.4,2.4,2.1,18.1,77.0,192.0,7.0,1.0,g,8.0,7.0,7.0,124.9,104.0,211.0
PJ Washington,2018-19,Kentucky,29.3,5.4,10.4,0.522,0.9,2.2,0.423,4.5,8.2,0.549,0.567,3.4,5.1,0.663,2.3,5.2,7.5,1.8,0.8,1.2,2.0,2.5,15.2,80.0,227.0,7.0,2.0,f,8.0,8.0,7.0,119.5,93.9,223.0
Lonzo Ball,2016-17,UCLA,35.1,5.3,9.5,0.551,2.2,5.4,0.412,3.0,4.1,0.732,0.668,1.8,2.7,0.673,0.9,5.1,6.0,7.6,1.8,0.8,2.5,1.8,14.6,78.0,190.0,7.0,1.0,g,8.0,7.0,8.0,131.3,100.7,214.0
Jared Sullinger,2011-12,Ohio State,30.4,6.2,11.9,0.519,0.4,1.1,0.4,5.7,10.8,0.531,0.538,4.7,6.2,0.768,3.1,6.1,9.2,1.2,1.2,1.1,1.9,2.9,17.5,81.0,265.0,7.0,2.0,f,6.0,9.0,8.0,121.8,86.0,280.0
Aaron Holiday,2017-18,UCLA,37.7,6.4,13.9,0.461,2.7,6.2,0.429,3.8,7.7,0.486,0.557,4.8,5.8,0.828,0.5,3.2,3.7,5.8,1.3,0.2,3.8,2.6,20.3,73.0,183.0,7.0,3.0,g,7.0,8.0,8.0,115.4,108.1,157.0
Caris LeVert,2015-16,Michigan,30.9,5.5,10.8,0.506,1.9,4.3,0.446,3.5,6.5,0.546,0.596,3.6,4.5,0.794,0.6,4.7,5.3,4.9,1.0,0.2,1.7,1.2,16.5,79.0,198.0,7.0,3.0,g,7.0,7.0,8.0,129.4,102.1,243.0
Brandon Clarke,2016-17,Gonzaga,31.9,7.3,12.3,0.592,0.0,0.1,0.333,7.3,12.2,0.594,0.593,2.6,4.6,0.572,3.0,5.7,8.7,2.3,1.2,2.6,1.8,2.6,17.3,80.0,214.0,1.0,3.0,f,9.0,7.0,8.0,118.7,98.7,199.0
Elfrid Payton,2013-14,Louisianaâ€“Lafayette,35.9,6.8,13.3,0.509,0.4,1.5,0.259,6.4,11.8,0.541,0.524,5.3,8.6,0.609,2.3,3.7,6.0,5.9,2.3,0.6,3.6,2.4,19.2,75.0,179.0,1.0,3.0,g,8.0,6.0,9.0,113.7,102.5,177.0
Delon Wright,2014-15,Utah,33.3,4.7,9.3,0.509,0.7,2.1,0.356,4.0,7.2,0.554,0.549,4.4,5.2,0.836,1.0,4.0,4.9,5.1,2.1,1.0,1.9,1.4,14.5,77.0,176.0,1.0,2.0,g,7.0,7.0,8.0,129.8,87.7,289.0
Cameron Payne,2014-15,Murray State,32.2,7.0,15.3,0.456,2.4,6.4,0.377,4.6,9.0,0.513,0.534,3.8,4.8,0.787,0.6,3.1,3.7,6.0,1.9,0.5,2.5,2.1,20.2,74.0,179.0,1.0,2.0,g,7.0,7.0,7.0,122.5,99.0,258.0
Alec Burks,2010-11,Colorado,31.4,6.6,14.1,0.469,0.7,2.5,0.292,5.9,11.6,0.508,0.495,6.6,7.9,0.825,2.4,4.1,6.5,2.9,1.1,0.3,2.6,2.3,20.5,78.0,194.0,7.0,2.0,g,9.0,6.0,8.0,120.2,106.0,221.0
Ron Baker,2015-16,Wichita State,31.6,4.6,10.8,0.424,1.8,5.2,0.35,2.7,5.5,0.495,0.509,3.1,3.9,0.793,0.5,4.3,4.8,3.2,1.5,0.6,1.5,1.4,14.0,76.0,218.0,1.0,3.0,g,7.0,8.0,7.0,116.1,87.9,215.0
Darius Garland,2018-19,Vanderbilt,27.8,5.8,10.8,0.537,2.2,4.6,0.478,3.6,6.2,0.581,0.639,2.4,3.2,0.75,0.4,3.4,3.8,2.6,0.8,0.4,3.0,1.4,16.2,74.0,174.0,7.0,1.0,g,7.0,7.0,9.0,112.0,106.3,148.0
Isaiah Canaan,2012-13,Murray State,36.5,6.9,16.1,0.431,3.0,8.2,0.37,3.9,7.9,0.494,0.525,4.9,6.0,0.822,0.6,2.9,3.5,4.3,1.5,0.1,3.2,1.9,21.8,73.0,194.0,1.0,3.0,g,8.0,9.0,8.0,116.1,101.6,207.0
Jeremy Lin,2009-10,Harvard,32.2,5.1,9.9,0.519,1.0,3.0,0.341,4.1,6.9,0.598,0.571,5.1,6.8,0.755,0.8,3.6,4.4,4.5,2.4,1.1,3.1,2.9,16.4,74.0,198.0,1.0,3.0,g,8.0,7.0,8.0,117.6,92.8,229.0
Ben Simmons,2015-16,Louisiana State,34.9,6.5,11.7,0.56,0.0,0.1,0.333,6.5,11.6,0.561,0.561,6.0,9.0,0.67,3.1,8.6,11.8,4.8,2.0,0.8,3.4,2.8,19.2,82.0,225.0,7.0,1.0,f,9.0,9.0,8.0,117.2,98.4,207.0
Jordan Clarkson,2010-11,Missouri,24.9,3.6,8.3,0.433,0.7,2.4,0.303,2.9,5.9,0.487,0.478,3.6,4.5,0.793,0.4,1.7,2.1,1.9,0.7,0.1,2.9,2.3,11.5,77.0,192.0,7.0,3.0,g,8.0,7.0,8.0,99.5,104.4,93.0
JaMychal Green,2011-12,Alabama,29.2,5.2,9.6,0.546,0.1,0.4,0.2,5.2,9.2,0.561,0.55,3.4,5.0,0.69,2.4,5.0,7.4,1.8,0.7,1.5,2.7,3.2,14.0,80.0,238.0,1.0,3.0,f,8.0,6.0,8.0,108.7,89.4,199.0
Ziaire Williams,2020-21,Stanford,27.9,3.8,10.2,0.374,1.2,4.0,0.291,2.7,6.2,0.427,0.431,2.0,2.5,0.796,0.5,4.1,4.6,2.2,0.9,0.6,2.9,2.4,10.7,80.0,183.0,7.0,1.0,f,8.0,7.0,8.0,86.3,99.2,46.0
Landry Shamet,2017-18,Wichita State,31.7,4.8,9.8,0.489,2.6,5.9,0.442,2.2,3.9,0.56,0.622,2.7,3.2,0.825,0.4,2.8,3.2,5.2,0.7,0.2,2.1,1.9,14.9,76.0,179.0,1.0,3.0,g,8.0,6.0,7.0,130.1,106.2,195.0
Nerlens Noel,2012-13,Kentucky,31.9,4.1,6.9,0.59,0.0,0.0,0.0,4.1,6.9,0.59,0.59,2.3,4.3,0.529,2.7,6.8,9.5,1.6,2.1,4.4,1.9,2.6,10.5,82.0,227.0,7.0,1.0,f,10.0,6.0,9.0,112.9,82.3,206.0
Aaron Nesmith,2019-20,Vanderbilt,35.7,7.5,14.6,0.512,4.3,8.2,0.522,3.2,6.4,0.5,0.659,3.7,4.5,0.825,0.8,4.1,4.9,0.9,1.4,0.9,1.7,2.8,23.0,78.0,212.0,7.0,2.0,f,7.0,8.0,7.0,127.8,106.8,207.0
Matthew Dellavedova,2012-13,St. Mary's (CA),36.4,4.9,12.0,0.404,2.5,6.4,0.382,2.4,5.6,0.429,0.506,3.6,4.3,0.852,0.7,2.7,3.4,6.4,1.1,0.1,2.8,1.7,15.8,76.0,190.0,1.0,3.0,g,6.0,9.0,6.0,119.7,102.1,196.0
Killian Tillie,2019-20,Gonzaga,24.6,5.1,9.6,0.535,1.5,3.8,0.4,3.6,5.8,0.621,0.613,1.9,2.6,0.726,1.2,3.8,5.0,1.9,1.0,0.8,1.0,2.5,13.6,82.0,218.0,1.0,3.0,f,7.0,6.0,7.0,130.8,92.5,261.0
James Ennis,2012-13,Long Beach State,33.1,5.5,11.2,0.491,1.7,4.7,0.357,3.8,6.6,0.585,0.565,3.8,4.6,0.834,2.0,4.7,6.7,2.1,1.8,1.3,3.0,2.3,16.5,79.0,209.0,1.0,2.0,g,9.0,7.0,7.0,114.2,100.7,173.0
Joe Chealey,2017-18,College of Charleston,35.4,5.0,12.6,0.393,1.8,5.2,0.348,3.1,7.4,0.425,0.465,6.2,7.2,0.858,0.6,4.0,4.6,3.6,0.9,0.1,1.7,2.3,18.0,75.0,190.0,1.0,3.0,g,6.0,6.0,7.0,118.9,105.3,183.0
Matt Mooney,2017-18,Texas Tech,30.6,6.7,15.0,0.445,2.2,6.4,0.352,4.4,8.6,0.514,0.52,3.1,3.8,0.829,0.6,3.4,4.1,3.1,2.0,0.1,2.4,2.0,18.7,75.0,198.0,1.0,3.0,g,7.0,6.0,7.0,111.4,94.3,196.0
Terry Rozier,2014-15,Louisville,35.0,5.9,14.5,0.411,1.3,4.4,0.306,4.6,10.1,0.456,0.457,3.9,4.9,0.79,1.2,4.4,5.6,3.0,2.0,0.2,2.2,1.7,17.1,73.0,190.0,7.0,2.0,g,8.0,7.0,8.0,108.3,90.4,191.0
Kendrick Nunn,2015-16,Oakland,35.1,5.5,12.9,0.428,2.7,6.9,0.391,2.9,6.1,0.471,0.532,1.8,2.3,0.794,0.4,4.6,5.0,1.7,1.5,0.2,1.6,2.3,15.5,75.0,190.0,1.0,3.0,g,7.0,7.0,7.0,104.9,105.9,99.0
Rui Hachimura,2018-19,Gonzaga,30.2,7.4,12.6,0.591,0.4,1.0,0.417,7.0,11.6,0.606,0.608,4.4,6.0,0.739,1.4,5.1,6.5,1.5,0.9,0.7,1.8,2.0,19.7,80.0,229.0,7.0,3.0,f,8.0,9.0,8.0,124.9,91.6,264.0
Corey Kispert,2020-21,Gonzaga,31.8,6.5,12.3,0.529,2.8,6.5,0.44,3.7,5.9,0.628,0.644,2.7,3.1,0.878,0.9,4.0,5.0,1.8,0.9,0.4,1.3,1.7,18.6,79.0,218.0,7.0,3.0,f,7.0,8.0,6.0,133.1,96.6,251.0
Sean Kilpatrick,2013-14,Cincinnati,33.8,6.3,14.9,0.423,2.7,7.9,0.348,3.6,7.0,0.506,0.515,5.3,6.3,0.845,1.1,3.2,4.3,2.5,1.4,0.0,2.1,1.4,20.6,76.0,209.0,1.0,3.0,g,7.0,8.0,7.0,123.2,95.7,250.0
DeAndre Jordan,2007-08,Texas A&M,20.1,3.2,5.2,0.617,0.0,0.0,0.0,3.2,5.2,0.617,0.617,1.5,3.4,0.437,1.9,4.1,6.0,0.4,0.2,1.3,1.6,1.9,7.9,83.0,249.0,7.0,1.0,c,10.0,8.0,9.0,100.0,100.0,249.0
Andrew Nicholson,2011-12,St. Bonaventure,30.1,6.9,12.0,0.571,0.7,1.7,0.434,6.2,10.4,0.593,0.601,4.0,5.2,0.776,2.6,5.8,8.4,1.0,0.7,2.0,2.5,2.8,18.5,81.0,238.0,1.0,3.0,f,7.0,7.0,8.0,120.1,95.2,240.0
Matt Thomas,2016-17,Iowa State,30.9,4.2,8.7,0.477,2.5,5.7,0.445,1.6,3.0,0.538,0.623,1.4,1.6,0.891,0.6,3.3,3.9,1.7,0.9,0.1,1.1,1.4,12.3,76.0,194.0,7.0,3.0,g,6.0,7.0,7.0,124.3,104.9,149.0
Devonte' Cacok,2018-19,UNC Wilmington,28.8,6.2,10.4,0.59,0.0,0.0,1.0,6.1,10.4,0.589,0.592,2.8,4.7,0.6,4.0,8.3,12.3,0.6,0.9,0.7,2.2,3.5,15.2,79.0,238.0,1.0,3.0,f,7.0,7.0,7.0,114.2,107.3,146.0
Mike Conley,2006-07,Ohio State,31.6,4.1,7.9,0.518,0.5,1.8,0.304,3.6,6.2,0.579,0.552,2.6,3.7,0.694,0.7,2.7,3.4,6.1,2.2,0.3,2.2,1.5,11.3,73.0,179.0,7.0,1.0,g,8.0,7.0,10.0,100.0,100.0,199.0
Paul George,2009-10,Fresno State,33.2,5.3,12.5,0.424,2.0,5.8,0.353,3.3,6.8,0.485,0.506,4.1,4.6,0.909,1.9,5.3,7.2,3.0,2.2,0.8,3.2,2.9,16.8,79.0,209.0,7.0,2.0,f,9.0,7.0,8.0,107.6,94.9,173.0
Kawhi Leonard,2010-11,San Diego State,32.6,5.9,13.2,0.444,0.7,2.4,0.291,5.2,10.8,0.478,0.471,3.1,4.0,0.759,3.1,7.5,10.6,2.5,1.4,0.6,2.1,2.5,15.5,79.0,225.0,7.0,2.0,f,8.0,7.0,9.0,112.5,86.3,231.0
Bradley Beal,2011-12,Florida,34.2,4.7,10.6,0.445,1.7,5.0,0.339,3.0,5.6,0.541,0.525,3.6,4.7,0.769,1.4,5.4,6.7,2.2,1.4,0.8,2.1,2.1,14.8,75.0,205.0,7.0,1.0,g,8.0,8.0,8.0,115.4,96.9,180.0
Nikola Vucevic,2010-11,Southern California,34.9,6.3,12.5,0.505,0.9,2.4,0.349,5.5,10.1,0.542,0.539,3.6,4.8,0.755,2.9,7.4,10.3,1.6,0.5,1.4,1.7,2.8,17.1,82.0,218.0,7.0,3.0,f,6.0,8.0,6.0,119.0,94.3,221.0
Tobias Harris,2010-11,Tennessee,29.2,5.4,11.8,0.46,0.7,2.2,0.303,4.8,9.6,0.497,0.489,3.8,5.0,0.753,2.0,5.3,7.3,1.3,0.7,0.9,1.8,2.1,15.3,80.0,225.0,7.0,1.0,f,8.0,8.0,7.0,112.7,98.8,177.0
Eric Bledsoe,2009-10,Kentucky,30.3,3.9,8.4,0.462,1.3,3.5,0.383,2.6,5.0,0.516,0.54,2.2,3.3,0.667,0.5,2.6,3.1,2.9,1.4,0.3,3.0,2.2,11.3,73.0,190.0,7.0,1.0,g,9.0,8.0,9.0,102.6,95.7,126.0
Steven Adams,2012-13,Pittsburgh,23.4,3.1,5.5,0.571,0.0,0.0,0.0,3.1,5.5,0.571,0.571,1.0,2.2,0.443,2.8,3.5,6.3,0.6,0.7,2.0,1.1,1.6,7.2,84.0,249.0,7.0,1.0,c,7.0,9.0,8.0,112.9,87.6,185.0
Nik Stauskas,2013-14,Michigan,35.6,5.1,10.9,0.47,2.6,5.8,0.442,2.6,5.2,0.5,0.586,4.7,5.7,0.824,0.4,2.5,2.9,3.3,0.6,0.3,1.9,1.3,17.5,78.0,203.0,7.0,2.0,g,7.0,7.0,7.0,127.9,109.0,193.0
Pat Connaughton,2014-15,Notre Dame,35.6,4.4,9.4,0.466,2.4,5.8,0.423,1.9,3.6,0.537,0.597,1.3,1.7,0.781,1.1,6.3,7.4,1.5,0.7,0.9,1.2,2.0,12.5,77.0,216.0,7.0,3.0,g,8.0,7.0,7.0,122.1,101.0,160.0
Will Barton,2011-12,Memphis,35.3,6.6,12.9,0.509,1.1,3.1,0.346,5.5,9.9,0.559,0.55,3.8,5.1,0.749,2.0,6.0,8.0,2.9,1.4,0.7,2.1,2.1,18.0,78.0,174.0,7.0,2.0,g,8.0,5.0,8.0,119.3,92.3,232.0
Avery Bradley,2009-10,Texas,29.5,4.7,10.8,0.432,1.2,3.3,0.375,3.4,7.5,0.457,0.489,1.1,1.9,0.545,1.0,1.9,2.9,2.1,1.3,0.5,1.5,2.4,11.6,74.0,179.0,7.0,1.0,g,9.0,7.0,9.0,106.7,98.6,127.0
Cory Joseph,2010-11,Texas,32.4,3.8,8.9,0.422,1.4,3.5,0.413,2.3,5.4,0.429,0.503,1.4,2.0,0.699,0.6,2.9,3.6,3.0,1.0,0.3,1.5,1.8,10.4,75.0,183.0,7.0,1.0,g,7.0,7.0,8.0,112.7,95.0,152.0
Trevor Ariza,2003-04,UCLA,31.6,4.3,10.0,0.426,0.7,3.0,0.237,3.6,7.0,0.509,0.462,2.3,4.5,0.504,2.4,4.0,6.5,2.1,1.7,0.4,3.2,2.8,11.6,80.0,198.0,7.0,1.0,f,0.0,0.0,0.0,100.0,100.0,52.0
DeMarre Carroll,2005-06,Missouri,29.1,4.5,8.8,0.511,0.1,0.6,0.176,4.4,8.2,0.534,0.517,1.7,2.9,0.605,2.7,3.6,6.4,2.0,1.2,0.4,1.8,2.7,10.8,80.0,225.0,7.0,3.0,f,8.0,7.0,8.0,100.0,100.0,113.0
Patrick Beverley,2007-08,Arkansas,33.8,3.9,9.4,0.412,1.9,4.9,0.378,2.0,4.5,0.449,0.511,2.4,3.8,0.644,1.2,5.4,6.6,2.4,1.3,0.5,2.0,2.4,12.1,73.0,179.0,7.0,2.0,g,9.0,8.0,7.0,100.0,100.0,121.0
Wesley Matthews,2008-09,Marquette,34.0,5.5,11.6,0.475,1.2,3.3,0.368,4.3,8.3,0.517,0.527,6.1,7.3,0.829,1.3,4.4,5.7,2.5,1.2,0.5,2.3,2.2,18.3,77.0,218.0,7.0,3.0,g,8.0,8.0,7.0,100.0,100.0,214.0
Ed Davis,2009-10,North Carolina,27.9,4.8,8.3,0.578,0.0,0.0,0.0,4.8,8.3,0.578,0.578,3.8,5.7,0.659,2.9,6.7,9.6,1.0,0.4,2.8,2.0,1.8,13.4,82.0,225.0,7.0,2.0,f,8.0,7.0,9.0,116.5,93.3,194.0
Patty Mills,2008-09,St. Mary's (CA),33.3,6.3,15.6,0.402,2.6,7.6,0.338,3.7,8.0,0.464,0.485,3.3,3.8,0.859,0.5,1.9,2.4,3.9,2.2,0.2,2.9,1.7,18.4,72.0,179.0,1.0,2.0,g,7.0,6.0,10.0,100.0,100.0,167.0
Trevor Booker,2009-10,Clemson,30.8,5.9,11.3,0.521,0.3,1.1,0.265,5.6,10.2,0.547,0.533,3.2,5.3,0.591,2.8,5.6,8.4,2.5,1.3,1.4,1.9,2.0,15.2,79.0,238.0,7.0,3.0,f,10.0,8.0,7.0,115.4,89.0,223.0
Joe Johnson,2000-01,Arkansas,29.1,5.4,11.5,0.468,1.2,2.6,0.443,4.2,8.9,0.476,0.519,2.3,3.0,0.747,2.2,4.2,6.4,2.6,1.4,0.4,2.3,1.5,14.2,80.0,225.0,7.0,2.0,f,0.0,0.0,0.0,100.0,100.0,186.0
Isaiah Thomas,2010-11,Washington,31.9,5.4,12.1,0.445,1.7,4.9,0.349,3.7,7.1,0.512,0.517,4.3,6.0,0.719,0.7,2.8,3.5,6.1,1.3,0.1,3.0,2.1,16.8,68.0,183.0,7.0,3.0,g,8.0,7.0,9.0,117.4,100.8,199.0
Marcus Morris,2010-11,Kansas,28.3,6.3,11.1,0.57,0.7,2.0,0.342,5.6,9.1,0.62,0.601,3.9,5.7,0.688,2.6,5.0,7.6,1.6,0.8,0.6,1.8,2.6,17.2,81.0,234.0,7.0,3.0,f,8.0,7.0,8.0,126.5,92.5,269.0
Khris Middleton,2011-12,Texas A&M,28.8,5.1,12.3,0.415,1.0,3.9,0.26,4.1,8.5,0.485,0.455,2.0,2.6,0.75,1.3,3.7,5.0,2.3,1.0,0.3,2.2,1.9,13.2,79.0,216.0,7.0,3.0,f,8.0,7.0,7.0,98.0,97.6,114.0
Jeff Withey,2012-13,Kansas,30.9,5.0,8.6,0.582,0.0,0.0,1.0,5.0,8.6,0.58,0.583,3.7,5.2,0.714,2.1,6.4,8.5,0.9,0.8,3.9,2.0,2.1,13.7,84.0,234.0,7.0,3.0,c,7.0,7.0,7.0,117.8,84.2,231.0
Wayne Ellington,2008-09,North Carolina,30.4,5.7,11.7,0.483,2.2,5.4,0.417,3.4,6.3,0.539,0.579,2.3,2.9,0.777,1.5,3.4,4.9,2.7,0.9,0.2,1.6,1.5,15.8,76.0,198.0,7.0,3.0,g,7.0,7.0,7.0,100.0,100.0,189.0
Tim Frazier,2013-14,Penn State,35.2,4.8,11.1,0.43,0.7,2.5,0.291,4.1,8.6,0.471,0.463,4.6,5.9,0.785,0.9,3.5,4.4,5.4,1.6,0.2,2.7,2.6,14.9,73.0,170.0,7.0,3.0,g,7.0,6.0,7.0,110.8,105.8,136.0
Taj Gibson,2008-09,Southern California,33.7,5.4,9.0,0.601,0.0,0.0,0.0,5.4,9.0,0.601,0.601,3.4,5.2,0.659,3.5,5.5,9.0,1.3,1.0,2.9,2.1,2.9,14.3,81.0,225.0,7.0,3.0,f,8.0,6.0,8.0,100.0,100.0,260.0
Ben McLemore,2012-13,Kansas,32.2,5.4,10.8,0.495,2.0,4.7,0.42,3.4,6.1,0.553,0.586,3.2,3.7,0.87,1.3,3.9,5.2,2.0,1.0,0.7,2.1,1.9,15.9,77.0,194.0,7.0,1.0,g,10.0,8.0,9.0,121.4,93.7,217.0
James Johnson,2011-12,Quinnipiac,36.1,5.6,14.6,0.381,2.2,6.1,0.365,3.4,8.5,0.392,0.457,3.2,4.3,0.737,0.6,2.6,3.3,3.5,1.3,0.1,2.5,2.4,16.5,72.0,194.0,1.0,3.0,g,8.0,8.0,8.0,108.3,102.9,134.0
E'Twaun Moore,2010-11,Purdue,33.9,6.5,14.5,0.447,2.1,5.1,0.4,4.4,9.4,0.473,0.518,2.9,4.1,0.709,1.5,3.6,5.1,3.2,1.2,0.5,1.8,2.1,18.0,76.0,190.0,7.0,3.0,g,7.0,7.0,7.0,114.4,94.9,205.0
Andre Roberson,2012-13,Colorado,33.4,4.3,8.9,0.48,0.6,1.9,0.328,3.6,7.0,0.521,0.515,1.7,3.2,0.551,3.0,8.2,11.2,1.4,2.2,1.3,2.4,2.5,10.9,79.0,209.0,7.0,3.0,f,9.0,7.0,8.0,102.1,84.5,166.0
PJ Tucker,2005-06,Texas,34.5,6.1,11.8,0.515,0.1,0.1,0.667,6.0,11.7,0.514,0.517,3.8,5.1,0.747,2.8,6.7,9.5,2.9,1.8,0.4,3.1,2.8,16.1,77.0,225.0,7.0,3.0,f,8.0,9.0,8.0,100.0,100.0,229.0
Hassan Whiteside,2009-10,Marshall,26.1,4.9,9.4,0.524,0.1,0.1,0.6,4.8,9.2,0.522,0.528,3.2,5.5,0.588,2.7,6.2,8.9,0.3,0.6,5.4,1.9,2.4,13.1,84.0,234.0,1.0,1.0,c,9.0,6.0,8.0,107.9,85.8,200.0
Greg Monroe,2009-10,Georgetown,34.2,5.9,11.3,0.525,0.2,0.8,0.259,5.7,10.5,0.545,0.534,4.1,6.1,0.66,2.2,7.5,9.6,3.8,1.2,1.5,3.3,2.6,16.1,83.0,247.0,7.0,2.0,c,8.0,7.0,7.0,110.0,93.9,189.0
Mason Plumlee,2012-13,Duke,34.7,6.1,10.3,0.599,0.0,0.0,0.0,6.1,10.3,0.599,0.599,4.8,7.1,0.681,2.7,7.2,9.9,1.9,1.0,1.4,2.9,2.6,17.1,82.0,234.0,7.0,3.0,c,9.0,8.0,8.0,117.2,92.2,220.0
Mitch McGary,2013-14,Michigan,24.8,3.8,6.9,0.545,0.0,0.3,0.0,3.8,6.6,0.566,0.545,2.0,3.0,0.667,2.9,5.4,8.3,1.5,1.9,0.8,1.6,3.1,9.5,82.0,254.0,7.0,2.0,f,7.0,8.0,7.0,116.3,91.3,208.0
Alex Len,2012-13,Maryland,26.4,4.6,8.5,0.534,0.0,0.2,0.125,4.5,8.3,0.544,0.535,2.8,4.0,0.686,2.9,5.0,7.8,1.0,0.2,2.1,1.6,2.7,11.9,85.0,225.0,7.0,2.0,c,8.0,8.0,7.0,116.2,93.1,200.0
Gorgui Dieng,2012-13,Louisville,31.1,3.8,7.1,0.534,0.0,0.0,0.0,3.8,7.1,0.534,0.534,2.2,3.4,0.652,3.4,6.0,9.4,2.0,1.3,2.5,1.8,2.6,9.8,83.0,245.0,7.0,3.0,c,7.0,8.0,7.0,115.9,81.9,219.0
Mason Plumlee,2012-13,Duke,34.7,6.1,10.3,0.599,0.0,0.0,0.0,6.1,10.3,0.599,0.599,4.8,7.1,0.681,2.7,7.2,9.9,1.9,1.0,1.4,2.9,2.6,17.1,82.0,234.0,7.0,3.0,c,9.0,8.0,8.0,117.2,92.2,220.0
Miles Plumlee,2011-12,Duke,20.5,2.6,4.3,0.61,0.0,0.0,0.0,2.6,4.3,0.61,0.61,1.4,2.2,0.632,2.9,4.2,7.1,0.5,0.5,0.9,1.2,2.3,6.6,82.0,245.0,7.0,3.0,f,9.0,7.0,8.0,121.1,96.4,177.0
Willie Cauley-Stein,2014-15,Kentucky,25.9,3.5,6.1,0.572,0.0,0.0,0.0,3.5,6.1,0.572,0.572,2.0,3.3,0.617,2.3,4.2,6.4,1.0,1.2,1.7,1.2,2.0,8.9,84.0,238.0,7.0,3.0,c,9.0,8.0,9.0,119.8,80.0,239.0
Cody Zeller,2012-13,Indiana,29.5,5.5,9.8,0.564,0.0,0.1,0.0,5.5,9.8,0.567,0.564,5.4,7.2,0.757,2.8,5.2,8.0,1.3,1.0,1.3,2.3,2.2,16.5,84.0,238.0,7.0,2.0,c,8.0,7.0,8.0,124.5,89.5,274.0
Kelly Olynyk,2012-13,Gonzaga,26.4,6.7,10.7,0.629,0.3,0.9,0.3,6.4,9.8,0.66,0.642,4.1,5.3,0.776,2.4,4.9,7.3,1.7,0.7,1.1,2.4,2.3,17.8,84.0,236.0,1.0,3.0,f,7.0,7.0,7.0,127.1,89.9,315.0
Aron Baynes,2008-09,Washington State,28.8,4.6,8.0,0.58,0.0,0.0,1.0,4.6,8.0,0.578,0.581,3.4,4.4,0.774,2.1,5.4,7.5,0.6,0.3,1.3,1.6,2.2,12.7,82.0,249.0,7.0,3.0,c,6.0,8.0,6.0,100.0,100.0,272.0
Festus Ezeli,2011-12,Vanderbilt,23.2,3.4,6.3,0.539,0.0,0.0,0.0,3.4,6.3,0.539,0.539,3.2,5.3,0.604,2.4,3.5,5.9,0.3,0.4,2.0,2.2,3.2,10.1,83.0,254.0,7.0,3.0,c,7.0,9.0,6.0,103.4,96.1,140.0
Derrick Favors,2009-10,Georgia Tech,27.5,5.0,8.1,0.611,0.0,0.0,0.0,5.0,8.1,0.613,0.611,2.5,4.0,0.629,3.0,5.4,8.4,1.0,0.9,2.1,2.5,2.6,12.4,82.0,245.0,7.0,1.0,f,9.0,8.0,8.0,111.5,88.6,195.0
Tyler Zeller,2011-12,North Carolina,28.2,5.8,10.5,0.553,0.0,0.0,0.0,5.8,10.5,0.553,0.553,4.8,5.9,0.808,3.8,5.8,9.6,0.9,0.9,1.5,1.9,2.7,16.3,84.0,249.0,7.0,3.0,f,8.0,7.0,9.0,125.6,89.7,265.0
Justin Hamilton,2011-12,Louisiana State,30.0,4.8,9.7,0.494,0.1,0.4,0.25,4.7,9.3,0.503,0.498,3.2,4.2,0.781,3.3,3.9,7.2,0.9,0.8,1.3,1.7,2.5,12.9,84.0,258.0,7.0,3.0,c,6.0,8.0,7.0,113.1,96.5,172.0
Henry Ellenson,2015-16,Marquette,33.5,5.9,13.2,0.446,0.9,3.2,0.288,5.0,10.0,0.495,0.48,4.3,5.8,0.749,2.2,7.6,9.7,1.8,0.8,1.5,2.4,2.5,17.0,82.0,245.0,7.0,1.0,f,6.0,8.0,6.0,106.3,98.5,143.0
Kyle O'Quinn,2011-12,Norfolk State,31.3,5.7,9.9,0.573,0.2,0.9,0.188,5.5,9.1,0.61,0.581,4.3,6.2,0.696,3.2,7.2,10.3,1.4,0.7,2.7,2.6,3.3,15.9,82.0,238.0,1.0,3.0,c,7.0,8.0,6.0,116.2,91.1,219.0
Jason Smith,2004-05,Colorado State,24.4,4.0,7.2,0.554,0.1,0.5,0.25,3.8,6.7,0.575,0.562,2.5,3.7,0.684,2.1,3.7,5.8,1.7,0.4,1.4,2.0,3.3,10.5,84.0,240.0,1.0,3.0,c,0.0,0.0,0.0,100.0,100.0,145.0
Andre Drummond,2011-12,Connecticut,28.4,4.6,8.6,0.538,0.0,0.1,0.0,4.6,8.5,0.541,0.538,0.8,2.6,0.295,3.4,4.2,7.6,0.4,0.8,2.7,1.5,2.2,10.0,82.0,269.0,7.0,1.0,c,10.0,9.0,10.0,103.1,97.3,121.0
Roy Hibbert,2007-08,Georgetown,26.3,5.3,8.6,0.609,0.1,0.1,1.0,5.2,8.6,0.605,0.614,2.7,4.2,0.646,2.2,4.1,6.4,1.9,0.5,2.2,1.7,2.7,13.4,86.0,278.0,7.0,4.0,c,6.0,8.0,6.0,100.0,100.0,305.0
Joakim Noah,2006-07,Florida,25.9,4.3,7.1,0.607,0.0,0.0,1.0,4.3,7.1,0.606,0.609,3.3,5.0,0.663,2.6,5.9,8.4,2.3,1.1,1.8,2.5,2.3,12.0,83.0,232.0,7.0,3.0,c,8.0,7.0,7.0,100.0,100.0,296.0
Larry Nance Jr.,2014-15,Wyoming,34.9,6.0,11.6,0.514,0.5,1.4,0.333,5.5,10.3,0.538,0.533,3.7,4.7,0.786,1.4,5.8,7.2,2.5,1.2,1.2,2.3,2.2,16.1,80.0,234.0,1.0,3.0,f,8.0,6.0,8.0,109.6,90.6,199.0
